{
    "permissionDenied": "!بس بس نزل يدك بلا فشكلك",
    "notInVocal" : "يلا خش روم عشان اجيك",
    "noArgsSongSearch" : "شوف انا احبك بس هل انت غبي؟",
    "nothingPlaying": " تم تم طفيت",
    "noSongsQueued": " يلا يلا مناك بس مابشغل شي",
    "cantLoop": "  حط اغنية قبل تفعل التكرار " ,
    "badUrl": " الرابط معطوب ابو فطومي",
    "errorJoin": " لازم تكون مشغل اغاني اول",
    "noVolume": " حدد الصوت من 0.1 لين 10",
    "nothingPlayingVolume": " لازم تكون مشغل شي عشان  اغير الصوت",
    "toMuchArgsVolume": " ياخي حط رقم اقدر استوعبه",
    "volumeToHigh": " الصوت ماينفع يكون اكثر من 10",
    "noNumber": " تراك ماكتبت اي رقم",
    "earrapeFail": " في شي صار بس مدري وش",
    "startedPlaying": " '**SONG_TITLE**' شغلت شغلت لاتدف ",
    "songAddedToQueue": " '**SONG_TITLE**' ولايهمك ضفت الاغنية باللستة",
    "musicStopped": " وقفتها ابو فطومي",
    "musicSkipped": " تم سكبتها قلبي! ",
    "loopOn": ":repeat_one: **التكرار شغال**",
    "loopOff": ":repeat_one: **خلاص قفلت التكرار**",
    "joinMsg": " يلا الان حجيكك",
    "invalidArguments": "المعطيات غير صحيحة.",
    "successAddReplay": "تمت إضافة الرد بنجاح.",
    "errorGeneric": "error",
    "errorAddReplay": "حدث خطأ أثناء إضافة الرد.",
    "invalidCommand": "الأمر غير صحيح.",
    "invalidArgs": "Invalid arguments! Usage: setdm [channel ID]",
    "invalidChannel": "Invalid channel ID! Please provide a valid text channel ID.",
    "dmChannelSet": "DM forwarding channel set successfully!",
    "notTikTokVideo": "The provided link is not a TikTok video.",
    "notInstagramVideo": "The provided link is not an Instagram video.",
    "seekingForward": "Seeking forward by 20 seconds.",
    "seekingToTime": "Seeking to {time} seconds.",
    "noSongPlaying": "There's currently no song playing.",
    "nowPlaying": "Currently playing: **SONG_TITLE**",    
    "volumeChanged": " غيرت الصوت لـ VOLUME",
    "startEarrape" : " غيرت الصوت  ___**EARRAPE**___ :ear: :headstone:",
    "endEarrape" : " الصوت رجع طبيعي",
    "musicsQueued": ":musical_note: **Musics queued** :musical_note: :",
    "earrapeWarning": "⚠ Are you sure ? It can severely damage the hearing of all people in the channel !\nPress the  reaction to continue",
    "missingInviteLink": "You need to provide an invite link!",
    "invalidInviteLink": "The invite link you provided is invalid.",
    "guildNotFound": "The guild associated with the invite link was not found.",
    "botAlreadyInGuild": "The bot is already in the guild.",
    "errorJoining": "An error occurred while joining the server. Please try again later.",
    "errorFetchingInvite": "An error occurred while fetching the invite. Please try again later.",
    "unknownGuild": "The guild associated with the invite link is unknown.",
    "missingPermissions": "The bot does not have sufficient permissions to join the server.",
    "captchaChallenge": "The server requires CAPTCHA verification for bot joining. Please try again later.",
    "noPermission": "لا تمتلك الصلاحية لتغيير صورة البوت.",
    "noAttachment": "الرجاء إرفاق صورة لتغيير صورة البوت.",
    "avatarChanged": "تم تغيير صورة البوت بنجاح.",
    "errorChangingAvatar": "حدث خطأ أثناء تغيير صورة البوت. الرجاء المحاولة مرة أخرى لاحقًا.",
    "notInGuild": "لا يمكن استخدام هذا الأمر في الرسائل الخاصة.",
    "noPermission1": "لا تمتلك الصلاحية لتغيير اسم البوت.",
    "noUsername": "الرجاء تقديم اسم جديد لتغيير اسم البوت.",
    "usernameChanged": "تم تغيير اسم البوت بنجاح.",
    "errorChangingUsername": "حدث خطأ أثناء تغيير اسم البوت. الرجاء المحاولة مرة أخرى لاحقًا.",
    "passwordPrompt": "الرجاء إدخال كلمة المرور لتغيير اسم البوت.",
    "passwordTimeout": "لقد انتهى الوقت المحدد لإدخال كلمة المرور. يرجى المحاولة مرة أخرى.",
    "invalidUsername": "الايوزر مستخدم",
    "notInGuild2": "لا يمكن استخدام هذا الأمر في الرسائل الخاصة.",
    "noPermission2": "لا تمتلك الصلاحية لتغيير اسم العرض للبوت.",
    "noNickname": "الرجاء تقديم اسم جديد لتغيير اسم العرض للبوت.",
    "nicknameChanged": "تم تغيير اسم العرض للبوت بنجاح.",
    "errorChangingNickname": "حدث خطأ أثناء تغيير اسم العرض للبوت. الرجاء المحاولة مرة أخرى لاحقًا.",
    "noPresence": "الرجاء تقديم وضع جديد لتغيير وضع الوصول للبوت.",
    "presenceChanged": "تم تغيير وضع الوصول للبوت بنجاح.",
    "notInVocal1": "يجب أن تكون في الروم لاستخدام هذا الأمر.",
    "noVideoLink": "ارسل رابط الفيديو .",
    "errorStreaming": "حدث خطأ أثناء بث الفيديو. الرجاء المحاولة مرة أخرى لاحقًا.",
    "streamingStarted": "جاري بث الفيديو في  الروم.",        
    "errorHelp": "حدث خطأ أثناء عرض الأوامر. الرجاء المحاولة مرة أخرى لاحقًا.",
    "errorStop": "An error occurred while trying to stop the music. Please try again later.",
    "errorSkipping": "An error occurred while skipping the music. Please try again later.",        
    "errorChangingPresence": "حدث خطأ أثناء تغيير وضع الوصول للبوت. الرجاء المحاولة مرة أخرى لاحقًا.",
    "helpm": "# الاوامر الخاصة بالبوت\n**ava, avatar, تغييرالصورة\njoin, p, تعال\nloop, l, تكرار\nchangename, usern, تغييرالاسم\nchangenickname, name, تغييرالاسم\nplay, p, ش, شغل\nqueue, q\nhelp, مساعدة\nskip, s, سكب, س\nstop, st, وقف\nvolume, v**",
    "helpDM":  "تم جاتك الاوامر خاص"
    }